{"slot_minutes": 30, "horizon_slots": 1, "profile": [0.152348924, 0.123579662, 0.17296297, 0.136496039, 0.186634283, 0.139780815, 0.148069141, 0.143046773, 0.189449351, 0.185924906, 0.233087754, 0.210239215, 0.227821033, 0.164540893, 0.231035122, 0.231500141, 0.206401793, 0.217434792, 0.198293256, 0.226512453, 0.192179954, 0.187148328, 0.201953903, 0.18337574899999998, 0.20569904049999999, 0.22912643, 0.1483087455, 0.162198075, 0.139261709, 0.112823386, 0.107586402, 0.130125342, 0.090248014, 0.074026275, 0.069372751, 0.010762133, 0.05480038, 0.029965614, 0.038062934, 0.015253278, 0.083024439, 0.036085357, 0.056343301, 0.085982668, 0.097853187, 0.112139581, 0.130615191, 0.147511983]}