{"slot_minutes": 30, "horizon_slots": 1, "profile": [0.14627777714285714, 0.12694446414285715, 0.12560370471428572, 0.12307016771428571, 0.1329732406666667, 0.11751473457142858, 0.11912499742857142, 0.11591359514285714, 0.11666959114285715, 0.1194979277142857, 0.12199425214285715, 0.12339018500000001, 0.12320628914285715, 0.12400821885714285, 0.1275142667142857, 0.13122609571428573, 0.12368399842857145, 0.1203977964285714, 0.11173330828571428, 0.11260292871428569, 0.10679461585714288, 0.10614230714285713, 0.10569773028571429, 0.10231199400000002, 0.09419562357142859, 0.07744152328571428, 0.07620807171428572, 0.06313308642857142, 0.05142409514285714, 0.04300925471428572, 0.03572582942857143, 0.03063263657142857, 0.026801518142857146, 0.024402490571428574, 0.02343452128571429, 0.02403001157142857, 0.026832486571428567, 0.033782672285714285, 0.04580913028571428, 0.066348237, 0.090127643, 0.11193397357142858, 0.12515160271428571, 0.13690835799999998, 0.14063835285714285, 0.144916695, 0.1449590162857143, 0.15315654342857146]}