{"slot_minutes": 30, "horizon_slots": 1, "profile": [5.816888616484396e-17, 0.165115149679698, 0.1686180729404339, 0.1569128111435713, 0.1541487204115535, 0.1548095192932227, 0.1614843930666497, 0.1586169536954502, 0.1548743971283166, 0.1611237196437061, 0.1605536922578856, 0.1668844133786838, 0.1609438967655528, 0.1656402919837375, 0.1685190460564785, 0.1666988676905652, 0.1793239911622713, 0.1832155397803591, 0.1861888706682666, 0.1893730673261951, 0.1942054798433071, 0.2115075911858253, 0.2239448282816341, 0.2331070733019036, 49.927942796279716, 0.2435981299705649, 0.2535738304521991, 0.2623741603575535, 0.2593992152773373, 0.2638195576822629, 0.2607787306885143, 0.2604793724381411, 0.2692604816775529, 0.2693262866094179, 0.2049207609660789, 0.2087815022545205, 0.2036675774085118, 0.09523369799999999, 0.088798314, 0.09502811325000002, 0.0848699885, 0.08181208200000001, 0.080829248, 0.08403306875000001, 0.09424935025, 0.09509508675, 0.05900165924999999, 0.07291921425]}