{"slot_minutes": 30, "horizon_slots": 1, "profile": [0.134641765, 0.11894052033333331, 0.10479049600000001, 0.09668939616666668, 0.06039520199999999, 0.06327611983333332, 0.053005169666666664, 0.03446250016666667, 0.041707064833333335, 0.038786066, 0.0315527325, 0.028007393333333335, 0.06751328833333334, 0.07179401933333333, 0.08527123616666667, 0.1294488585, 0.14134644066666666, 0.16709336716666667, 0.17137883783333333, 0.191731878, 0.18315271583333334, 0.18082394033333335, 0.19698220533333333, 0.1897833875, 0.20168467583333335, 0.189823851, 0.18564346333333334, 0.1755114582, 0.1745975843333333, 0.19281059033333334, 0.20780221000000001, 0.19889542183333334, 0.20913731000000002, 0.208553649, 0.20342885800000002, 0.20495337542857142, 0.205521891, 0.21915393114285714, 0.21156782228571427, 0.20778997771428573, 0.21356919742857142, 0.1847775857142857, 0.19370487585714288, 0.17846670257142858, 0.18379231971428572, 0.19734061085714286, 0.17229090685714285, 0.16205938514285714]}