{"slot_minutes": 30, "horizon_slots": 1, "profile": [0.05565861042857142, 0.04769522185714285, 0.04123601857142857, 0.03681112057142858, 0.03566012285714286, 0.036706355571428574, 0.039553709, 0.04881343457142857, 0.06352333428571429, 0.08669961914285713, 0.11546918342857142, 0.14425475971428572, 0.16312903971428572, 0.1810486777142857, 0.1869840402857143, 0.19326349585714284, 0.19384854928571427, 0.2052428647142857, 0.19724218457142853, 0.20046223814285713, 0.19863089357142855, 0.19195549714285717, 0.19420132483333333, 0.18074543585714284, 0.19144396828571428, 0.1900374, 0.193981999, 0.1969651342857143, 0.20011004500000001, 0.2020620402857143, 0.2036106538571429, 0.2064557184285714, 0.21675028414285716, 0.22868654414285716, 0.21596534771428574, 0.2069414897142857, 0.18541196857142858, 0.1948209605714286, 0.18926339042857143, 0.18752745171428573, 0.18980844714285713, 0.17274138485714285, 0.15896094057142857, 0.1360388967142857, 0.11469925500000001, 0.09758556342857141, 0.08034272499999999, 0.06685201371428572]}