{"slot_minutes": 30, "horizon_slots": 1, "profile": [0.151778031, 0.112823386, 0.107586402, 0.130125342, 0.090248014, 0.074026275, 0.069372751, 0.010762133, 0.05480038, 0.029965614, 0.038062934, 0.015253278, 0.083024439, 0.036085357, 0.056343301, 0.085982668, 0.097853187, 0.112139581, 0.130615191, 0.147511983, 0.152348924, 0.123579662, 0.17296297, 0.136496039, 0.178579332418095, 0.181501371040588, 0.18653533481934, 0.187634238847204, 0.184024920103162, 0.18526449840602, 0.187529775368989, 55.090688957041024, 0.19403308076742, 46.682049894645566, 53.223604707632056, 0.202886224259313, 0.204863591956862, 0.205747188043012, 0.23304262872586, 0.222165659466573, 0.186844498600492, 0.17869951114168, 0.230392341713555, 0.229036760562084, 0.222054899552861, 0.238414187287916, 0.171000611351197, 0.147549422585359]}