{"slot_minutes": 30, "horizon_slots": 1, "profile": [0.13168081082949898, 0.1242793127758826, 0.11027048972167741, 0.09229010626854482, 0.07637865144350789, 0.06258555044394587, 0.05236834914621517, 0.04576700612787266, 0.04029855604501555, 0.04094677337218708, 0.047848032992415204, 0.04855691276786632, 0.05142494733936458, 0.05695592979496924, 0.06536540963751096, 0.08054089745995471, 0.10341549524742395, 0.1209795527421236, 0.1379748815544898, 0.1495829652772186, 0.1609109684304128, 0.1649299197132808, 0.1743804653962456, 0.1754735131507154, 0.184492653125197, 0.1874699040396502, 0.1905940736009038, 0.1903549180176158, 0.1874350891017482, 0.188117597764218, 0.1895232299549538, 0.1977884993249936, 0.196478108620259, 0.196221849354828, 0.197159267974077, 0.202886224259313, 0.204863591956862, 0.205747188043012, 0.23304262872586, 0.222165659466573, 0.186844498600492, 0.17869951114168, 0.230392341713555, 0.229036760562084, 0.222054899552861, 0.238414187287916, 0.171000611351197, 0.147549422585359]}