{"slot_minutes": 30, "horizon_slots": 1, "profile": [0.10253993828571428, 0.093591149, 0.06061419785714286, 0.06138343714285715, 0.05125307542857143, 0.03462663171428572, 0.04050096585714286, 0.03780656685714285, 0.03143186157142857, 0.02904039142857143, 0.063961768, 0.070635487, 0.08619643228571428, 0.1285480045714286, 0.14372209928571428, 0.16837628, 0.17472042085714284, 0.1930540714285714, 0.18593724514285714, 0.1836784507142857, 0.19890329557142858, 0.19213196500000002, 0.20211268442857144, 0.19147349657142856, 0.18788477185714283, 0.17983899766666667, 0.17788296871428572, 0.1925876728571429, 0.20521310385714284, 0.1971243412857143, 0.20669690914285718, 0.208553649, 0.20342885800000002, 0.20495337542857142, 0.205521891, 0.21915393114285714, 0.21156782228571427, 0.20778997771428573, 0.21356919742857142, 0.1847775857142857, 0.19370487585714288, 0.17846670257142858, 0.18379231971428572, 0.19734061085714286, 0.17229090685714285, 0.16205938514285714, 0.134641765, 0.11721683242857142]}