{"slot_minutes": 30, "horizon_slots": 1, "profile": [0.02463452128571429, 0.025301440142857148, 0.02784677228571428, 0.034396958, 0.04608055885714285, 0.0662625227142857, 0.08957050014285715, 0.1108768307142857, 0.12368017414285716, 0.1350940722857143, 0.1384454957142857, 0.14243098071428575, 0.14225901628571427, 0.1503994005714286, 0.14351349142857142, 0.12438017842857144, 0.12327513328571425, 0.12099159628571428, 0.13104824066666665, 0.116443306, 0.11857499742857143, 0.11574930942857146, 0.11666959114285716, 0.1196479277142857, 0.12217996642857143, 0.12370447071428571, 0.12367771771428569, 0.12438679028571428, 0.1276571238571429, 0.1312903814285714, 0.12372685557142857, 0.12062636785714284, 0.11216902257142856, 0.1135100715714286, 0.1078160444285714, 0.10729230714285713, 0.1070905874285714, 0.10374770828571427, 0.09565990928571429, 0.08227135273333334, 0.07207773964285713, 0.06009237592857142, 0.0538182563076923, 0.044971505076923074, 0.037320124, 0.03195822399999999, 0.027940096461538468, 0.025410374461538463]}