{"slot_minutes": 30, "horizon_slots": 1, "profile": [0.12935328320024725, 0.12195244243654899, 0.114822170080513, 0.0965224704731228, 0.0796428246981787, 0.0657128678406295, 0.0551115000489397, 0.0481574246717762, 0.042247120788052504, 0.043429443353686294, 0.0517276274229192, 0.051496687780763696, 0.0524007527702906, 0.0547234696723056, 0.0575837327658218, 0.0681226213995464, 0.08870400955612472, 0.106168570594482, 0.122891841879028, 0.135658809611301, 0.1489328682041, 0.154436208625112, 0.162434917967446, 0.16787133949590602, 0.178579332418095, 0.18150137104058803, 0.18653533481934, 0.187634238847204, 0.184024920103162, 0.18526449840602, 0.187529775368989, 0.197377927379356, 0.19403308076742, 0.196221849354828, 0.197159267974077, 0.202886224259313, 0.204863591956862, 0.20574718804301204, 0.23304262872586, 0.222165659466573, 0.186844498600492, 0.17869951114168, 0.23039234171355502, 0.229036760562084, 0.22205489955286098, 0.238414187287916, 0.171000611351197, 0.147549422585359]}